<?xml version="1.0" encoding="UTF-8"?>
<mobylet>
	<initializers>
		<chain>org.mobylet.core.initializer.impl.MobyletInitializerImpl</chain>
		<!--
		<chain>org.mobylet.mail.initializer.MobyletMailInitializer</chain>
		-->
		<chain>org.mobylet.gae.initializer.GaeMobyletInitializer</chain>
	</initializers>
	<device>
		<basedir>device/</basedir>
	</device>
	<emoji>
		<basedir>emoji/</basedir>
		<!--
		<imagePath>/mobylet/ei/</imagePath>
		-->
	</emoji>
	<!--
	<through>
		<carrier>OTHER</carrier>
	</through>
	-->
	<!--
	<default>
		<contentType>HTML</contentType>
	</default>
	-->
	<!--
	<proxy>
		<host>proxy.mobylet.org</host>
		<port>8080</port>
	</proxy>
	 -->
</mobylet>
